create table track (
  trackid INT,
  playlistid INT,
  name varchar(255),
  artistid int
);

create table playlist (
  playlistid int,
  name varchar(255)
);

create table artist (
  artistid int,
  name varchar(255)
);

insert into track (trackid, playlistid, name, artistid) values
(1,1,'Rock & Roll, Psychedelic Rock',1),
(2,2,'Pop Rock, Psychedelic Rock',2),
(3,3,'Psychedelic Rock, Pop Rock',3),
(4,4,'Folk Rock, Blues Rock',4),
(5,5,'Pop Rock',5),
(6,6,'Soul',6),
(7,7,'Blues Rock, Rock & Roll, Classic Rock',7),
(8,8,'Punk, New Wave',8),
(9,9,'Folk Rock, Rhythm & Blues',9),
(10,10,'Rock & Roll, Pop Rock, Psychedelic Rock, Experimental',10),
(11,11,'Rock & Roll',11),
(12,12,'Modal',12),
(13,13,'Garage Rock, Art Rock, Experimental',13),
(14,14,'Psychedelic Rock, Classic Rock, Pop Rock',14),
(15,15,'Blues Rock, Psychedelic Rock',15),
(16,16,'Folk Rock, Acoustic, Ballad',16),
(17,17,'Alternative Rock, Grunge',17),
(18,18,'Pop Rock',18),
(19,19,'Acoustic, Classic Rock, Free Improvisation',19),
(20,20,'Disco',20),
(21,21,'Rock & Roll',21),
(22,22,'Delta Blues',22),
(23,23,'Pop Rock',23),
(24,24,'Soul',24),
(25,25,'Rhythm & Blues, Soul',25),
(26,26,'Pop Rock',26),
(27,27,'Alternative Rock, Pop Rock',27),
(28,28,'Hard Rock, Mod, Prog Rock, Psychedelic Rock',28),
(29,29,'Blues Rock, Hard Rock',29),
(30,30,'Acoustic, Ballad, Folk',30),
(31,31,'Folk Rock, Folk',31),
(32,32,'Blues Rock, Hard Rock',32),
(33,33,'Rock & Roll, Punk',33),
(34,34,'Folk Rock, Acoustic, Blues Rock',34),
(35,35,'Classic Rock, Glam',35),
(36,36,'Folk Rock, Soft Rock',36),
(37,37,'Classic Rock',37),
(38,38,'Folk',38),
(39,39,'Beat, Rock & Roll',39),
(40,40,'Folk Rock, Psychedelic Rock',40),
(41,41,'Punk',41),
(42,42,'Psychedelic Rock',42),
(43,43,'Prog Rock',43),
(44,44,'Art Rock',44),
(45,45,'Soundtrack, Modern Classical, Contemporary, Score',45),
(46,46,'Reggae, Roots Reggae',46),
(47,47,'Free Jazz, Hard Bop, Modal',47),
(48,48,'Conscious',48),
(49,49,'Blues Rock',49),
(50,50,'Rock & Roll, Rhythm & Blues',50),
(51,51,'Folk Rock, Classic Rock',51),
(52,52,'Soul',52),
(53,53,'Beat, Rock & Roll',53),
(54,54,'Rhythm & Blues, Big Band, Soul, Soul-Jazz',54),
(55,55,'Electric Blues, Psychedelic Rock',55),
(56,56,'Rock & Roll, Rockabilly',56),
(57,57,'Soul, Disco',57),
(58,58,'Blues Rock, Southern Rock, Classic Rock',58),
(59,59,'None',59),
(60,60,'Dialogue, Field Recording, Avantgarde, Electric Blues, Psychedelic Rock, Experimental',60),
(61,61,'Rhythm & Blues, Funk',61),
(62,62,'Hard Rock, Heavy Metal',62),
(63,63,'Pop Rock, Synth-pop, Alternative Rock, Arena Rock',63),
(64,64,'Classic Rock',64),
(65,65,'Doo Wop, Pop Rock, Ballad, Rhythm & Blues',65),
(66,66,'Folk Rock, Rhythm & Blues, Classic Rock, Contemporary Jazz',66),
(67,67,'Alternative Rock, IDM, Experimental',67),
(68,68,'Disco, Soul, Ballad',68),
(69,69,'Hard Rock, Classic Rock, Blues Rock',69),
(70,70,'Pop Rock',70),
(71,71,'Folk Rock, Pop Rock, African, Afrobeat, Zydeco, Funk, Rhythm & Blues',71),
(72,72,'Soundtrack, Soul',72),
(73,73,'Classic Rock',73),
(74,74,'Rock & Roll, Country Rock',74),
(75,75,'Soul, Funk, Disco',75),
(76,76,'Pop Rock, Funk, Soundtrack, Synth-pop',76),
(77,77,'Hard Rock',77),
(78,78,'Soul',78),
(79,79,'Blues Rock, Classic Rock, Hard Rock',79),
(80,80,'Pop Rock',80),
(81,81,'Punk',81),
(82,82,'Folk Rock, Country Rock, Classic Rock',82),
(83,83,'Psychedelic Rock, Electric Blues',83),
(84,84,'Soul',84),
(85,85,'Soul',85),
(86,86,'Pop Rock',86),
(87,87,'Alternative Rock, Prog Rock',87),
(88,88,'Country',88),
(89,89,'Pop Rock, Soul',89),
(90,90,'Soul, Funk',90),
(91,91,'Pop Rock, Classic Rock',91),
(92,92,'Rock & Roll',92),
(93,93,'Ska, Reggae-Pop',93),
(94,94,'Country',94),
(95,95,'Fusion',95),
(96,96,'Psychedelic Rock',96),
(97,97,'Folk',97),
(98,98,'New Wave',98),
(99,99,'Rhythm & Blues, Funk',99),
(100,100,'Psychedelic Rock',100),
(101,101,'Big Band, Ballad',101),
(102,102,'Blues Rock, Electric Blues',102),
(103,103,'Hard Bop',103),
(104,104,'Folk Rock, Acoustic, Soft Rock',104),
(105,105,'Country, Rhythm & Blues',105),
(106,106,'Rock & Roll, Punk',106),
(107,107,'Soul, Rhythm & Blues, Gospel, Cha-Cha',107),
(108,108,'Classic Rock, Glam',108),
(109,109,'Blues Rock, Pop Rock',109),
(110,110,'Art Rock, Classic Rock',110),
(111,111,'Alternative Rock',111),
(112,112,'Folk Rock, Pop Rock',112),
(113,113,'Soft Rock, Pop Rock',113),
(114,114,'Psychedelic Rock, Blues Rock',114),
(115,115,'Psychedelic Rock, Mod',115),
(116,116,'Blues Rock, Rock & Roll',116),
(117,117,'Blues Rock',117),
(118,118,'None',118),
(119,119,'Rhythm & Blues, Soul',119),
(120,120,'Folk Rock, Country Rock',120),
(121,121,'Funk, Psychedelic, Disco',121),
(123,123,'None',123),
(124,124,'Folk Rock, Psychedelic Rock',124),
(125,125,'Blues Rock',125),
(126,126,'Roots Reggae',126),
(127,127,'Folk Rock, Psychedelic Rock',127),
(128,128,'Garage Rock, Hard Rock, Punk',128),
(129,129,'New Wave, Art Rock, Funk',129),
(130,130,'New Wave, Punk',130),
(131,131,'Hard Rock, Heavy Metal',131),
(133,133,'None',133),
(134,134,'Thug Rap',134),
(135,135,'Alternative Rock',135),
(136,136,'Classic Rock',136),
(137,137,'Indie Rock',137),
(138,138,'Gangsta',138),
(139,139,'Bayou Funk, Soul',139),
(140,140,'New Wave, Pop Rock, Punk, Disco',140),
(141,141,'Chicago Blues',141),
(142,142,'Pop Rock',142),
(143,143,'Soul-Jazz, Louisiana Blues, Fusion, Bayou Funk',143),
(144,144,'Gangsta',144),
(145,145,'Jazz-Rock, Classic Rock',145),
(146,146,'Folk Rock, Psychedelic Rock',146),
(147,147,'Classic Rock',147),
(148,148,'Classic Rock',148),
(149,149,'Afro-Cuban, Psychedelic Rock',149),
(150,150,'Pop Rock',150),
(151,151,'Indie Rock',151),
(152,152,'New Wave, Punk, Mod',152),
(153,153,'Conscious',153),
(154,154,'Chicago Blues',154),
(155,155,'Alternative Rock, New Wave',155),
(156,156,'Alternative Rock, Pop Rap, Psychedelic',156),
(157,157,'Post-Punk, New Wave',157),
(158,158,'Pop Rock, Classic Rock',158),
(159,159,'Hard Rock, Glam',159),
(160,160,'Glam, Classic Rock',160),
(161,161,'Rhythm & Blues, Soul',161),
(162,162,'Alternative Rock',162),
(163,163,'None',163),
(164,164,'Soft Rock, Pop Rock',164),
(165,165,'Soul',165),
(166,166,'Alternative Rock, New Wave',166),
(167,167,'Thrash, Speed Metal',167),
(168,168,'New Wave, Pop Rock',168),
(169,169,'Reggae, Roots Reggae',169),
(170,170,'Classic Rock, Blues Rock, Hard Rock',170),
(171,171,'Psychedelic Rock, Folk Rock, Country Rock, Pop Rock',171),
(172,172,'Pop Rock',172),
(173,173,'Power Pop, Pop Rock, Prog Rock',173),
(174,174,'Folk Rock',174),
(175,175,'Pop Rock, Vocal',175),
(176,176,'Hard Rock, Classic Rock',176),
(177,177,'P.Funk',177),
(178,178,'Rhythm & Blues, Soul, Funk',178),
(179,179,'Europop, Synth-pop, Disco',179),
(180,180,'Pop Rock, Rhythm & Blues, Rock & Roll',180),
(181,181,'Reggae, Roots Reggae',181),
(182,182,'Folk Rock, Pop Rock',182),
(183,183,'Country',183),
(184,184,'Synth-pop',184),
(185,185,'Garage Rock, Punk',185),
(186,186,'Rhythm & Blues, Funk',186),
(187,187,'Art Rock, Pop Rock, Synth-pop, Funk',187),
(188,188,'Country Rock',188),
(189,189,'Acid Rock, Psychedelic Rock',189),
(190,190,'Country, Soul',190),
(191,191,'Garage Rock, Punk',191),
(192,192,'Country Rock',192),
(193,193,'Alternative Rock, Pop Punk, Punk',193),
(194,194,'Glam',194),
(197,197,'Alternative Rock',197),
(198,198,'Chicago Blues',198),
(199,199,'Indie Rock',199),
(200,200,'Hard Rock',200),
(201,201,'Industrial',201),
(202,202,'Folk Rock, Pop Rock',202),
(203,203,'Pop Rock, Ballad, Funk, Soul',203),
(204,204,'Blues Rock, Folk Rock',204),
(205,205,'Blues Rock, Psychedelic Rock, Classic Rock',205),
(206,206,'None',206),
(207,207,'Fusion, Hard Rock, Psychedelic Rock',207),
(208,208,'Folk Rock, Pop Rock',208),
(209,209,'Grunge',209),
(210,210,'Folk Rock, Country Rock, Classic Rock',210),
(211,211,'Classic Rock, Prog Rock',211),
(212,212,'Alternative Rock, Indie Rock',212),
(213,213,'Classic Rock',213),
(214,214,'Rhythm & Blues, Bayou Funk, Soul',214),
(215,215,'Glam',215),
(216,216,'Rhythm & Blues, Rock & Roll',216),
(217,217,'Rhythm & Blues, Soul',217),
(218,218,'Indie Rock',218),
(219,219,'None',219),
(220,220,'Bayou Funk, Soul, Funk',220),
(221,221,'Alternative Rock, Shoegaze',221),
(222,222,'Piano Blues',222),
(223,223,'Pop Rock',223),
(224,224,'Soft Rock, Ballad',224),
(225,225,'Pop Rock, Punk',225),
(226,226,'Acoustic',226),
(227,227,'Indie Rock',227),
(228,228,'None',228),
(229,229,'Hard Rock, Blues Rock',229),
(230,230,'Blues Rock, Pop Rock',230),
(231,231,'Hard Rock, Pop Rock, Prog Rock',231),
(232,232,'Rock & Roll, Pop Rock',232),
(233,233,'Folk Rock, Garage Rock, Pop Rock',233),
(234,234,'Folk Rock, Classic Rock',234),
(235,235,'None',235),
(236,236,'None',236),
(237,237,'Mod',237),
(238,238,'None',238),
(239,239,'Synth-pop',239),
(240,240,'Classic Rock',240),
(241,241,'Alternative Rock, Power Pop, Punk, Indie Rock',241),
(242,242,'None',242),
(243,243,'Blues Rock, Heavy Metal',243),
(244,244,'Pop Rap, Hardcore Hip-Hop, Horrorcore',244),
(245,245,'Country Blues, Rock & Roll, Rhythm & Blues',245),
(246,246,'Musique Concr?te, Avantgarde, Symphonic Rock, Rhythm & Blues, Psychedelic Rock, Experimental, Parody',246),
(247,247,'Folk Rock, Country Rock, Psychedelic Rock, Experimental',247),
(248,248,'Free Jazz',248),
(249,249,'Alternative Rock',249),
(250,250,'None',250),
(251,251,'Art Rock, Ambient, Experimental',251),
(252,252,'None',252),
(253,253,'Folk Rock, Pop Rock, Classic Rock',253),
(254,254,'Soul',254),
(255,255,'Heavy Metal',255),
(256,256,'Electro',256),
(257,257,'Synth-pop, Rhythm & Blues',257),
(258,258,'Psychedelic Rock, Pop Rock',258),
(259,259,'RnB/Swing, Downtempo',259),
(260,260,'Vocal',260),
(261,261,'Folk Rock',261),
(262,262,'Folk Rock, Classic Rock',262),
(263,263,'None',263),
(264,264,'Folk Rock, Country Rock, Classic Rock',264),
(265,265,'Soul-Jazz, Big Band',265),
(266,266,'Blues Rock, Jazz-Rock, Classic Rock',266),
(267,267,'Hard Rock, Classic Rock, Mod',267),
(268,268,'Folk Rock, Pop Rock',268),
(269,269,'Noise',269),
(270,270,'Blues Rock, Rock & Roll, Classic Rock, Disco',270),
(271,271,'Pop Rock, Psychedelic Rock',271),
(272,272,'Indie Rock',272),
(273,273,'Soul',273),
(274,274,'Funk, Disco',274),
(275,275,'None',275),
(276,276,'P.Funk, Funk',276),
(277,277,'RnB/Swing, Downtempo, Synth-pop',277),
(278,278,'Cajun, Country, Field Recording, Gospel, Delta Blues, Folk',278),
(279,279,'Glam',279),
(280,280,'Pop Rock',280),
(281,281,'RnB/Swing',281),
(282,282,'Delta Blues',282),
(283,283,'Soul, Disco',283),
(284,284,'New Wave, Pop Rock, Synth-pop',284),
(285,285,'Soul-Jazz, Soul',285),
(286,286,'Rhythm & Blues, Soul',286),
(287,287,'Punk, Rock & Roll',287),
(288,288,'Psychedelic Rock',288),
(289,289,'Pop Rock, Psychedelic Rock, Mod',289),
(290,290,'Rhythm & Blues, Soul',290),
(291,291,'New Wave',291),
(292,292,'Folk Rock, Country Rock, Classic Rock',292),
(293,293,'Avantgarde, Experimental',293),
(294,294,'Garage Rock, Hard Rock, Punk, Blues Rock',294),
(295,295,'Folk Rock, Folk, Ballad',295),
(296,296,'Alternative Rock, Indie Rock',296),
(297,297,'Modern Classical, Avantgarde, Psychedelic Rock, Experimental, Parody',297),
(298,298,'Pop Rap, Conscious, Contemporary R&B',298),
(299,299,'Alternative Rock, Emo',299),
(300,300,'Hard Rock, Heavy Metal',300),
(301,301,'Country',301),
(302,302,'Conscious',302),
(303,303,'Folk Rock, Country Rock',303),
(304,304,'Alternative Rock, Folk Rock',304),
(305,305,'Country, Folk',305),
(306,306,'Electro, Downtempo, Hip Hop, Disco, Afrobeat, Abstract',306),
(307,307,'Soundtrack, Beat, Pop Rock',307),
(308,308,'Vocal, Easy Listening',308),
(309,309,'Blues Rock, Rock & Roll, Classic Rock',309),
(310,310,'Alternative Rock, Funk Metal',310),
(311,311,'Country Blues, Rock & Roll, Rockabilly',311),
(312,312,'Alternative Rock',312),
(313,313,'Folk Rock, Acoustic, Grunge',313),
(314,314,'RnB/Swing, Conscious',314),
(315,315,'Soft Rock, Hard Rock, Pop Rock',315),
(316,316,'Garage Rock, Art Rock, Experimental',316),
(317,317,'Alternative Rock',317),
(318,318,'Soul',318),
(319,319,'Reggae',319),
(320,320,'Alternative Rock, Experimental',320),
(321,321,'Folk, Folk Rock, Acoustic',321),
(322,322,'None',322),
(323,323,'Alternative Rock, New Wave, Pop Rock',323),
(324,324,'Classic Rock, Soul, Funk, Art Rock',324),
(325,325,'None',325),
(326,326,'New Wave, Alternative Rock',326),
(327,327,'Lo-Fi, Indie Rock',327),
(328,328,'Alternative Rock, Indie Rock',328),
(329,329,'Soul, Funk',329),
(330,330,'Blues Rock, Folk Rock, Classic Rock',330),
(331,331,'Beat, Soundtrack, Pop Rock',331),
(332,332,'Folk Rock',332),
(333,333,'Rock & Roll, Punk',333),
(334,334,'None',334),
(335,335,'Alternative Rock',335),
(336,336,'Alternative Rock, Art Rock',336),
(337,337,'Classic Rock, Prog Rock',337),
(338,338,'Folk Rock, Blues Rock, Psychedelic Rock',338),
(339,339,'Contemporary Jazz, Spoken Word',339),
(340,340,'Hardcore, Punk',340),
(341,341,'Breakbeat, Leftfield, Downtempo',341),
(342,342,'Synth-pop',342),
(343,343,'Pop Rock',343),
(344,344,'Hard Rock',344),
(345,345,'Funk, Indie Rock, New Wave',345),
(346,346,'None',346),
(347,347,'Psychedelic Rock',347),
(348,348,'Blues Rock, Chicago Blues',348),
(349,349,'None',349),
(350,350,'Blues Rock, Pop Rock',350),
(351,351,'Hard Rock, Arena Rock',351),
(352,352,'AOR, Classic Rock',352),
(353,353,'None',353),
(354,354,'Pop Rock, Ballad, Latin Jazz',354),
(355,355,'Blues Rock, Psychedelic Rock',355),
(356,356,'Pop Rock, Vocal',356),
(357,357,'Blues Rock, Psychedelic Rock, Pop Rock',357),
(358,358,'Modal',358),
(360,360,'Punk',360),
(361,361,'Gangsta, P.Funk, Crunk, Conscious',361),
(362,362,'Alternative Rock',362),
(363,363,'Synth-pop',363),
(364,364,'Blues Rock, Classic Rock',364),
(365,365,'Funk Metal',365),
(366,366,'Country, Gospel, Folk',366),
(367,367,'House, Techno, Downtempo, Vocal, Ambient',367),
(368,368,'Country Rock, Classic Rock',368),
(369,369,'Alternative Rock, Indie Rock',369),
(370,370,'Classic Rock',370),
(371,371,'Indie Rock',371),
(372,372,'New Wave, Pop Rock',372),
(373,373,'Psychedelic Rock, Folk Rock, Country Rock, Honky Tonk',373),
(374,374,'Art Rock, Pop Rock, Glam',374),
(375,375,'Pop Rock',375),
(376,376,'Breakbeat, IDM, Electro',376),
(377,377,'Country Blues, Electric Blues, Chicago Blues, Jump Blues',377),
(378,378,'Brit Pop',378),
(379,379,'RnB/Swing',379),
(380,380,'Reggae Gospel, Reggae, Roots Reggae, Rocksteady',380),
(381,381,'Pop Rock, Psychedelic Rock',381),
(382,382,'Art Rock, Indie Rock',382),
(383,383,'New Wave, Indie Rock',383),
(384,384,'Mod, Beat, Psychedelic Rock',384),
(385,385,'Folk Rock, Blues Rock',385),
(386,386,'Jazz-Rock, Pop Rock, Classic Rock',386),
(387,387,'Gangsta',387),
(388,388,'African',388),
(389,389,'Pop Rock',389),
(390,390,'Blues Rock, Garage Rock, Alternative Rock',390),
(391,391,'Soft Rock, Pop Rock',391),
(392,392,'Pop Rock',392),
(393,393,'Grime, Bollywood, Hip Hop, Dancehall',393),
(394,394,'Pop Rock, Vocal',394),
(395,395,'Leftfield, Alternative Rock, Electro, Disco',395),
(396,396,'Art Rock, Avantgarde, Glam',396),
(397,397,'Dub, Downtempo',397),
(398,398,'Pop Rock',398),
(399,399,'Blues Rock',399),
(400,400,'Soul, Disco',400),
(401,401,'Alternative Rock, Funk Metal',401),
(402,402,'None',402),
(403,403,'Blues Rock, Hard Rock, Southern Rock',403),
(404,404,'Bayou Funk, Funk, Rhythm & Blues',404),
(405,405,'Power Pop',405),
(406,406,'Indie Rock',406),
(407,407,'Rock & Roll, Dub, Punk',407),
(408,408,'Blues Rock, Rhythm & Blues, Soul',408),
(409,409,'Psychedelic Rock',409),
(410,410,'Blues Rock',410),
(411,411,'Blues Rock',411),
(412,412,'Punk',412),
(413,413,'Alternative Rock, Hardcore, Punk',413),
(414,414,'Pop Rock',414),
(415,415,'Hard Rock',415),
(416,416,'Abstract, Art Rock',416),
(417,417,'New Wave, Pop Rock',417),
(418,418,'Pop Rock',418),
(419,419,'Trip Hop, Downtempo',419),
(420,420,'Rockabilly, Rock & Roll',420),
(421,421,'Pop Rock, Vocal',421),
(422,422,'Rock & Roll, Vocal',422),
(423,423,'Pop Rock, Soul, Disco',423),
(424,424,'Folk Rock, Classic Rock',424),
(425,425,'Country Rock, Honky Tonk',425),
(426,426,'Power Pop, Pop Rock, Arena Rock, Hard Rock',426),
(427,427,'Blues Rock, Pop Rock, Ballad',427),
(428,428,'Alternative Rock, New Wave, Punk',428),
(429,429,'Experimental, Ambient',429),
(430,430,'Indie Rock',430),
(431,431,'Indie Rock',431),
(432,432,'Art Rock, Glam',432),
(433,433,'Pop Rock',433),
(434,434,'Power Pop',434),
(435,435,'Grunge, Alternative Rock',435),
(436,436,'Alternative Rock, Post Rock',436),
(437,437,'RnB/Swing, Screw, Pop Rap, Thug Rap',437),
(438,438,'New Wave, Post-Punk',438),
(439,439,'Soul',439),
(440,440,'Folk Rock, Celtic, Punk',440),
(441,441,'New Wave, Experimental',441),
(442,442,'New Wave',442),
(443,443,'Power Pop, Pop Rock, Hard Rock',443),
(444,444,'Funk',444),
(445,445,'Pop Rock',445),
(446,446,'Garage Rock, Rock & Roll',446),
(448,448,'New Wave, Pop Rock',448),
(450,450,'Pop Rock, Classic Rock',450),
(451,451,'Soul',451),
(452,452,'Country, Folk',452),
(453,453,'None',453),
(454,454,'Classic Rock',454),
(455,455,'Blues Rock',455),
(456,456,'Soul',456),
(457,457,'Alternative Rock',457),
(458,458,'Soft Rock, Country Rock',458),
(459,459,'Rhythm & Blues, Soul',459),
(460,460,'Grunge',460),
(461,461,'Post-Punk, Dub, Avantgarde, Experimental',461),
(462,462,'None',462),
(463,463,'New Wave, Indie Rock',463),
(464,464,'Hard Rock, Arena Rock',464),
(465,465,'Synth-pop, Indie Rock',465),
(466,466,'Alternative Rock, Pop Rock',466),
(467,467,'None',467),
(468,468,'Blues Rock, Electric Blues, Chicago Blues, Modern Electric Blues, Harmonica Blues',468),
(469,469,'Pop Rap, Conscious',469),
(470,470,'None',470),
(471,471,'Classic Rock, Folk Rock',471),
(472,472,'Downtempo, Soft Rock, Pop Rock, Synth-pop',472),
(473,473,'Indie Rock',473),
(474,474,'Folk Rock, Reggae, Reggae-Pop',474),
(475,475,'New Wave, Pop Rock',475),
(476,476,'None',476),
(477,477,'Country',477),
(478,478,'Country',478),
(479,479,'P.Funk, Psychedelic Rock',479),
(480,480,'None',480),
(481,481,'Soul, Funk, Neo Soul',481),
(482,482,'Country, Honky Tonk',482),
(483,483,'Post-Punk, New Wave',483),
(484,484,'Classic Rock, Glam',484),
(485,485,'Alternative Rock, Hard Rock',485),
(486,486,'Soul, Funk, Disco',486),
(487,487,'Pop Rock, Synth-pop',487),
(488,488,'Alternative Rock, Hardcore, Punk',488),
(489,489,'Hard Rock',489),
(490,490,'Blues Rock, Classic Rock',490),
(491,491,'Electric Blues, Rhythm & Blues, Soul',491),
(492,492,'New Wave, Synth-pop',492),
(493,493,'Alternative Rock',493),
(494,494,'Synth-pop, Indie Rock',494),
(495,495,'Blues Rock',495),
(496,496,'Pop Rock',496),
(497,497,'Indie Rock, Alternative Rock, Blues Rock, Garage Rock',497),
(498,498,'Indie Rock',498),
(499,499,'Electric Blues',499),
(500,500,'Reggae, Gangsta, Soul, Conscious',500)
;

insert into playlist (playlistid, name) values
(1,'Sgt. Pepper`s Lonely Hearts Club Band'),
(2,'Pet Sounds'),
(3,'Revolver'),
(4,'Highway 61 Revisited'),
(5,'Rubber Soul'),
(6,'What`s Going On'),
(7,'Exile on Main St.'),
(8,'London Calling'),
(9,'Blonde on Blonde'),
(10,'The Beatles (The White Album)'),
(11,'The Sun Sessions'),
(12,'Kind of Blue'),
(13,'The Velvet Underground & Nico'),
(14,'Abbey Road'),
(15,'Are You Experienced'),
(16,'Blood on the Tracks'),
(17,'Nevermind'),
(18,'Born to Run'),
(19,'Astral Weeks'),
(20,'Thriller'),
(21,'The Great Twenty_Eight'),
(22,'The Complete Recordings'),
(23,'John Lennon/Plastic Ono Band'),
(24,'Innervisions'),
(25,'Live at the Apollo, 1962'),
(26,'Rumours'),
(27,'The Joshua Tree'),
(28,'Who`s Next'),
(29,'Led Zeppelin'),
(30,'Blue'),
(31,'Bringing It All Back Home'),
(32,'Let It Bleed'),
(33,'Ramones'),
(34,'Music From Big Pink'),
(35,'The Rise and Fall of Ziggy Stardust and the Spiders From Mars'),
(36,'Tapestry'),
(37,'Hotel California'),
(38,'The Anthology'),
(39,'Please Please Me'),
(40,'Forever Changes'),
(41,'Never Mind the Bollocks Here`s the Sex Pistols'),
(42,'The Doors'),
(43,'The Dark Side of the Moon'),
(44,'Horses'),
(45,'The Band (The Brown Album)'),
(46,'Legend: The Best of Bob Marley and The Wailers'),
(47,'A Love Supreme'),
(48,'It Takes a Nation of Millions to Hold Us Back'),
(49,'At Fillmore East'),
(50,'Here`s Little Richard'),
(51,'Bridge Over Troubled Water'),
(52,'Greatest Hits'),
(53,'Meet The Beatles!'),
(54,'The Birth of Soul'),
(55,'Electric Ladyland'),
(56,'Elvis Presley'),
(57,'Songs in the Key of Life'),
(58,'Beggars Banquet'),
(59,'Chronicle: The 20 Greatest Hits'),
(60,'Trout Mask Replica'),
(61,'Greatest Hits'),
(62,'Appetite for Destruction'),
(63,'Achtung Baby'),
(64,'Sticky Fingers'),
(65,'Back to Mono (1958-1969)'),
(66,'Moondance'),
(67,'Kid A'),
(68,'Off the Wall'),
(69,'[Led Zeppelin IV]'),
(70,'The Stranger'),
(71,'Graceland'),
(72,'Superfly'),
(73,'Physical Graffiti'),
(74,'After the Gold Rush'),
(75,'Star Time'),
(76,'Purple Rain'),
(77,'Back in Black'),
(78,'Otis Blue: Otis Redding Sings Soul'),
(79,'Led Zeppelin II'),
(80,'Imagine'),
(81,'The Clash'),
(82,'Harvest'),
(83,'Axis: Bold as Love'),
(84,'I Never Loved a Man the Way I Love You'),
(85,'Lady Soul'),
(86,'Born in the U.S.A.'),
(87,'The Wall'),
(88,'At Folsom Prison'),
(89,'Dusty in Memphis'),
(90,'Talking Book'),
(91,'Goodbye Yellow Brick Road'),
(92,'20 Golden Greats'),
(93,'Sign `Peace` the Times'),
(94,'40 Greatest Hits'),
(95,'Bitches Brew'),
(96,'Tommy'),
(97,'The Freewheelin` Bob Dylan'),
(98,'This Year`s Model'),
(99,'There`s a Riot Goin` On'),
(100,'Odessey and Oracle'),
(101,'In the Wee Small Hours'),
(102,'Fresh Cream'),
(103,'Giant Steps'),
(104,'Sweet Baby James'),
(105,'Modern Sounds in Country and Western Music'),
(106,'Rocket to Russia'),
(107,'Portrait of a Legend 1951-1964'),
(108,'Hunky Dory'),
(109,'Aftermath'),
(110,'Loaded'),
(111,'The Bends'),
(112,'If You Can Believe Your Eyes and Ears'),
(113,'Court and Spark'),
(114,'Disraeli Gears'),
(115,'The Who Sell Out'),
(116,'Out of Our Heads'),
(117,'Layla and Other Assorted Love Songs'),
(118,'Late Registration'),
(119,'At Last!'),
(120,'Sweetheart of the Rodeo'),
(121,'Stand!'),
(122,'The Harder They Come'),
(123,'Raising Hell'),
(124,'Moby Grape'),
(125,'Pearl'),
(126,'Catch a Fire'),
(127,'Younger Than Yesterday'),
(128,'Raw Power'),
(129,'Remain in Light'),
(130,'Marquee Moon'),
(131,'Paranoid'),
(132,'Saturday Night Fever: The Original Movie Sound Track'),
(133,'The Wild, the Innocent & the E Street Shuffle'),
(134,'Ready to Die'),
(135,'Slanted and Enchanted'),
(136,'Greatest Hits'),
(137,'Tim'),
(138,'The Chronic'),
(139,'Rejuvenation'),
(140,'Parallel Lines'),
(141,'Live at the Regal'),
(142,'A Christmas Gift for You From Phil Spector'),
(143,'Gris-Gris'),
(144,'Straight Outta Compton'),
(145,'Aja'),
(146,'Surrealistic Pillow'),
(147,'Deja vu'),
(148,'Houses of the Holy'),
(149,'Santana'),
(150,'Darkness on the Edge of Town'),
(151,'Funeral'),
(152,'The B 52`s / Play Loud'),
(153,'The Low End Theory'),
(154,'Moanin` in the Moonlight'),
(155,'Pretenders'),
(156,'Paul`s Boutique'),
(157,'Closer'),
(158,'Captain Fantastic and the Brown Dirt Cowboy'),
(159,'Alive!'),
(160,'Electric Warrior'),
(161,'The Dock of the Bay'),
(162,'OK Computer'),
(163,'1999'),
(164,'The Very Best of Linda Ronstadt'),
(165,'Let`s Get It On'),
(166,'Imperial Bedroom'),
(167,'Master of Puppets'),
(168,'My Aim Is True'),
(169,'Exodus'),
(170,'Live at Leeds'),
(171,'The Notorious Byrd Brothers'),
(172,'Every Picture Tells a Story'),
(173,'Something/Anything?'),
(174,'Desire'),
(175,'Close to You'),
(176,'Rocks'),
(177,'One Nation Under a Groove'),
(178,'The Anthology: 1961-1977'),
(179,'The Definitive Collection'),
(180,'The Rolling Stones, Now!'),
(181,'Natty Dread'),
(182,'Fleetwood Mac'),
(183,'Red Headed Stranger'),
(184,'The Immaculate Collection'),
(185,'The Stooges'),
(186,'Fresh'),
(187,'So'),
(188,'Buffalo Springfield Again'),
(189,'Happy Trails'),
(190,'From Elvis in Memphis'),
(191,'Fun House'),
(192,'The Gilded Palace of Sin'),
(193,'Dookie'),
(194,'Transformer'),
(195,'Blues Breakers With Eric Clapton (The Beano Album)'),
(196,'Nuggets: Original Artyfacts From the First Psychedelic Era, 1965-1968'),
(197,'Murmur'),
(198,'The Best of Little Walter'),
(199,'Is This It'),
(200,'Highway to Hell'),
(201,'The Downward Spiral'),
(202,'Parsley, Sage, Rosemary and Thyme'),
(203,'Bad'),
(204,'Modern Times'),
(205,'Wheels of Fire'),
(206,'Dirty Mind'),
(207,'Abraxas'),
(208,'Tea for the Tillerman'),
(209,'Ten'),
(210,'Everybody Knows This Is Nowhere'),
(211,'Wish You Were Here'),
(212,'Crooked Rain Crooked Rain'),
(213,'Tattoo You'),
(214,'Proud Mary: The Best of Ike and Tina Turner'),
(215,'New York Dolls'),
(216,'Bo Diddley / Go Bo Diddley'),
(217,'Two Steps From the Blues'),
(218,'The Queen Is Dead'),
(219,'Licensed to Ill'),
(220,'Look-Ka Py Py'),
(221,'Loveless'),
(222,'New Orleans Piano'),
(223,'War'),
(224,'The Neil Diamond Collection'),
(225,'American Idiot'),
(226,'Nebraska'),
(227,'Doolittle'),
(228,'Paid in Full'),
(229,'Toys in the Attic'),
(230,'Nick of Time'),
(231,'A Night at the Opera'),
(232,'The Kink Kronikles'),
(233,'Mr. Tambourine Man'),
(234,'Bookends'),
(235,'The Ultimate Collection'),
(236,'Mr. Excitement!'),
(237,'My Generation'),
(238,'Howlin` Wolf'),
(239,'Like a Prayer'),
(240,'Can`t Buy a Thrill'),
(241,'Let It Be'),
(242,'Run D.M.C.'),
(243,'Black Sabbath'),
(244,'The Marshall Mathers LP'),
(245,'All Killer No Filler! The Jerry Lee Lewis Anthology'),
(246,'Freak Out!'),
(247,'Live/Dead'),
(248,'The Shape of Jazz to Come'),
(249,'Automatic for the People'),
(250,'Reasonable Doubt'),
(251,'Low'),
(252,'The Blueprint'),
(253,'The River'),
(254,'Complete & Unbelievable: The Otis Redding Dictionary of Soul'),
(255,'Metallica (The Black Album)'),
(256,'Trans Europa Express'),
(257,'Whitney Houston'),
(258,'The Kinks Are The Village Green Preservation Society'),
(259,'The Velvet Rope'),
(260,'Stardust'),
(261,'American Beauty'),
(262,'Crosby, Stills & Nash'),
(263,'Tracy Chapman'),
(264,'Workingman`s Dead'),
(265,'The Genius of Ray Charles'),
(266,'Child Is Father to the Man'),
(267,'Quadrophenia'),
(268,'Paul Simon'),
(269,'Psychocandy'),
(270,'Some Girls'),
(271,'The Beach Boys Today!'),
(272,'Dig Me Out'),
(273,'Going to a Go-Go'),
(274,'Nightbirds'),
(275,'The Slim Shady LP'),
(276,'Mothership Connection'),
(277,'Rhythm Nation 1814'),
(278,'Anthology of American Folk Music'),
(279,'Aladdin Sane'),
(280,'All That You Can`t Leave Behind'),
(281,'My Life'),
(282,'Folk Singer'),
(283,'Can`t Get Enough'),
(284,'The Cars'),
(285,'Music of My Mind'),
(286,'I`m Still in Love With You'),
(287,'Los Angeles'),
(288,'Anthem of the Sun'),
(289,'Something Else by The Kinks'),
(290,'Call Me'),
(291,'Talking Heads: 77'),
(292,'The Basement Tapes'),
(293,'White Light/White Heat'),
(294,'Kick Out the Jams'),
(295,'Songs of Love and Hate'),
(296,'Meat Is Murder'),
(297,'We`re Only in It for the Money'),
(298,'The College Dropout'),
(299,'Weezer (Blue Album)'),
(300,'Master of Reality'),
(301,'Coat of Many Colors'),
(302,'Fear of a Black Planet'),
(303,'John Wesley Harding'),
(304,'Grace'),
(305,'Car Wheels on a Gravel Road'),
(306,'Odelay'),
(307,'A Hard Day`s Night'),
(308,'Songs for Swingin` Lovers!'),
(309,'Willy and the Poor Boys'),
(310,'Blood Sugar Sex Magik'),
(311,'The Sun Records Collection'),
(312,'Nothing`s Shocking'),
(313,'MTV Unplugged in New York'),
(314,'The Miseducation of Lauryn Hill'),
(315,'Damn the Torpedoes'),
(316,'The Velvet Underground'),
(317,'Surfer Rosa'),
(318,'Back Stabbers'),
(319,'Burnin`'),
(320,'Amnesiac'),
(321,'Pink Moon'),
(322,'Sail Away'),
(323,'Ghost in the Machine'),
(324,'Station to Station'),
(325,'Slowhand'),
(326,'Disintegration'),
(327,'Exile in Guyville'),
(328,'Daydream Nation'),
(329,'In the Jungle Groove'),
(330,'Tonight`s the Night'),
(331,'Help!'),
(332,'Shoot Out the Lights'),
(333,'Wild Gift'),
(334,'Squeezing Out Sparks'),
(335,'Superunknown'),
(336,'In Rainbows'),
(337,'Aqualung'),
(338,'Cheap Thrills'),
(339,'The Heart of Saturday Night'),
(340,'Damaged'),
(341,'Play'),
(342,'Violator'),
(343,'Bat Out of Hell'),
(344,'Berlin'),
(345,'Stop Making Sense'),
(346,'3 Feet High and Rising'),
(347,'The Piper at the Gates of Dawn'),
(348,'Muddy Waters at Newport 1960'),
(349,'The Black Album'),
(350,'Roger the Engineer'),
(351,'Rust Never Sleeps'),
(352,'Brothers in Arms'),
(353,'My Beautiful Dark Twisted Fantasy'),
(354,'52nd Street'),
(355,'Having a Rave Up'),
(356,'12 Songs'),
(357,'Between the Buttons'),
(358,'Sketches of Spain'),
(360,'Singles Going Steady'),
(361,'Stankonia'),
(362,'Siamese Dream'),
(363,'Substance 1987'),
(364,'L.A. Woman'),
(365,'Rage Against the Machine'),
(366,'American Recordings'),
(367,'Ray of Light'),
(368,'Eagles'),
(369,'Louder Than Bombs'),
(370,'Mott'),
(371,'Whatever People Say I Am, That`s What I`m Not'),
(372,'Reggatta de Blanc'),
(373,'Volunteers'),
(374,'Siren'),
(375,'Late for the Sky'),
(376,'Post'),
(377,'The Ultimate Collection: 1948-1990'),
(378,'(What`s the Story) Morning Glory?'),
(379,'CrazySexyCool'),
(380,'Funky Kingston'),
(381,'The Smile Sessions'),
(382,'The Modern Lovers'),
(383,'More Songs About Buildings and Food'),
(384,'A Quick One'),
(385,'Love and Theft'),
(386,'Pretzel Logic'),
(387,'Enter the Wu_Tang: 36 Chambers'),
(388,'The Indestructible Beat of Soweto'),
(389,'The End of the Innocence'),
(390,'Elephant'),
(391,'The Pretender'),
(392,'Let It Be'),
(393,'Kala'),
(394,'Good Old Boys'),
(395,'Sound of Silver'),
(396,'For Your Pleasure'),
(397,'Blue Lines'),
(398,'Eliminator'),
(399,'Rain Dogs'),
(400,'Anthology: The Best of The Temptations'),
(401,'Californication'),
(402,'Illmatic'),
(403,'(pronounced `leh-`nerd `skin-`nerd)'),
(404,'Dr. John`s Gumbo'),
(405,'Radio City'),
(406,'Rid of Me'),
(407,'Sandinista!'),
(408,'I Do Not Want What I Haven`t Got'),
(409,'Strange Days'),
(410,'Time Out of Mind'),
(411,'461 Ocean Boulevard'),
(412,'Pink Flag'),
(413,'Double Nickels on the Dime'),
(414,'Beauty and the Beat'),
(415,'Van Halen'),
(416,'Mule Variations'),
(417,'Boy'),
(418,'Band on the Run'),
(419,'Dummy'),
(420,'The `Chirping` Crickets'),
(421,'The Best of the Girl Groups, Volume 1'),
(422,'Presenting the Fabulous Ronettes Featuring Veronica'),
(423,'Anthology'),
(424,'The Rising'),
(425,'Grievous Angel'),
(426,'Cheap Trick at Budokan'),
(427,'Sleepless'),
(428,'Outlandos d`Amour'),
(429,'Another Green World'),
(430,'Vampire Weekend'),
(431,'Stories From the City, Stories From the Sea'),
(432,'Here Come the Warm Jets'),
(433,'All Things Must Pass'),
(434,'#1 Record'),
(435,'In Utero'),
(436,'Sea Change'),
(437,'Tha Carter III'),
(438,'Boys Don`t Cry'),
(439,'Live at the Harlem Square Club, 1963'),
(440,'Rum Sodomy & the Lash'),
(441,'Suicide'),
(442,'Q: Are We Not Men? A: We Are Devo!'),
(443,'In Color'),
(444,'The World Is a Ghetto'),
(445,'Fly Like an Eagle'),
(446,'Back in the USA'),
(447,'Getz / Gilberto'),
(448,'Synchronicity'),
(449,'Third/Sister Lovers'),
(450,'For Everyman'),
(451,'Back to Black'),
(452,'John Prine'),
(453,'Strictly Business'),
(454,'Love It to Death'),
(455,'How Will the Wolf Survive?'),
(456,'Here, My Dear'),
(457,'Z'),
(458,'Tumbleweed Connection'),
(459,'The Drifters` Golden Hits'),
(460,'Live Through This'),
(461,'Metal Box'),
(462,'Document'),
(463,'Heaven Up Here'),
(464,'Hysteria'),
(465,'69 Love Songs'),
(466,'A Rush of Blood to the Head'),
(467,'Tunnel of Love'),
(468,'The Paul Butterfield Blues Band'),
(469,'The Score'),
(470,'Radio'),
(471,'I Want to See the Bright Lights Tonight'),
(472,'Faith'),
(473,'The Smiths'),
(474,'Proxima estacion: Esperanza'),
(475,'Armed Forces'),
(476,'Life After Death'),
(477,'Down Every Road'),
(478,'All Time Greatest Hits'),
(479,'Maggot Brain'),
(480,'Only Built 4 Cuban Linx'),
(481,'Voodoo'),
(482,'Guitar Town'),
(483,'Entertainment!'),
(484,'All the Young Dudes'),
(485,'Vitalogy'),
(486,'That`s the Way of the World'),
(487,'She`s So Unusual'),
(488,'New Day Rising'),
(489,'Destroyer'),
(490,'Tres hombres'),
(491,'Born Under a Bad Sign'),
(492,'Touch'),
(493,'Yankee Hotel Foxtrot'),
(494,'Oracular Spectacular'),
(495,'Give It Up'),
(496,'Boz Scaggs'),
(497,'White Blood Cells'),
(498,'The Stone Roses'),
(499,'Live in Cook County Jail'),
(500,'Aquemini');

insert into artist (artistid, name) values
(1,'The Beatles'),
(2,'The Beach Boys'),
(3,'The Beatles'),
(4,'Bob Dylan'),
(5,'The Beatles'),
(6,'Marvin Gaye'),
(7,'The Rolling Stones'),
(8,'The Clash'),
(9,'Bob Dylan'),
(10,'The Beatles'),
(11,'Elvis Presley'),
(12,'Miles Davis'),
(13,'The Velvet Underground'),
(14,'The Beatles'),
(15,'The Jimi Hendrix Experience'),
(16,'Bob Dylan'),
(17,'Nirvana'),
(18,'Bruce Springsteen'),
(19,'Van Morrison'),
(20,'Michael Jackson'),
(21,'Chuck Berry'),
(22,'Robert Johnson'),
(23,'John Lennon / Plastic Ono Band'),
(24,'Stevie Wonder'),
(25,'James Brown'),
(26,'Fleetwood Mac'),
(27,'U2'),
(28,'The Who'),
(29,'Led Zeppelin'),
(30,'Joni Mitchell'),
(31,'Bob Dylan'),
(32,'The Rolling Stones'),
(33,'Ramones'),
(34,'The Band'),
(35,'David Bowie'),
(36,'Carole King'),
(37,'Eagles'),
(38,'Muddy Waters'),
(39,'The Beatles'),
(40,'Love'),
(41,'Sex Pistols'),
(42,'The Doors'),
(43,'Pink Floyd'),
(44,'Patti Smith'),
(45,'The Band'),
(46,'Bob Marley & The Wailers'),
(47,'John Coltrane'),
(48,'Public Enemy'),
(49,'The Allman Brothers Band'),
(50,'Little Richard'),
(51,'Simon & Garfunkel'),
(52,'Al Green'),
(53,'The Beatles'),
(54,'Ray Charles'),
(55,'The Jimi Hendrix Experience'),
(56,'Elvis Presley'),
(57,'Stevie Wonder'),
(58,'The Rolling Stones'),
(59,'Creedence Clearwater Revival'),
(60,'Captain Beefheart & His Magic Band'),
(61,'Sly & The Family Stone'),
(62,'Guns N` Roses'),
(63,'U2'),
(64,'The Rolling Stones'),
(65,'Phil Spector'),
(66,'Van Morrison'),
(67,'Radiohead'),
(68,'Michael Jackson'),
(69,'Led Zeppelin'),
(70,'Billy Joel'),
(71,'Paul Simon'),
(72,'Curtis Mayfield'),
(73,'Led Zeppelin'),
(74,'Neil Young'),
(75,'James Brown'),
(76,'Prince and the Revolution'),
(77,'AC/DC'),
(78,'Otis Redding'),
(79,'Led Zeppelin'),
(80,'John Lennon'),
(81,'The Clash'),
(82,'Neil Young'),
(83,'The Jimi Hendrix Experience'),
(84,'Aretha Franklin'),
(85,'Aretha Franklin'),
(86,'Bruce Springsteen'),
(87,'Pink Floyd'),
(88,'Johnny Cash'),
(89,'Dusty Springfield'),
(90,'Stevie Wonder'),
(91,'Elton John'),
(92,'Buddy Holly'),
(93,'Prince'),
(94,'Hank Williams'),
(95,'Miles Davis'),
(96,'The Who'),
(97,'Bob Dylan'),
(98,'Elvis Costello'),
(99,'Sly & The Family Stone'),
(100,'The Zombies'),
(101,'Frank Sinatra'),
(102,'Cream'),
(103,'John Coltrane'),
(104,'James Taylor'),
(105,'Ray Charles'),
(106,'Ramones'),
(107,'Sam Cooke'),
(108,'David Bowie'),
(109,'The Rolling Stones'),
(110,'The Velvet Underground'),
(111,'Radiohead'),
(112,'The Mamas and the Papas'),
(113,'Joni Mitchell'),
(114,'Cream'),
(115,'The Who'),
(116,'The Rolling Stones'),
(117,'Derek and the Dominos'),
(118,'Kanye West'),
(119,'Etta James'),
(120,'The Byrds'),
(121,'Sly & The Family Stone'),
(122,'Various Artists'),
(123,'Run D.M.C.'),
(124,'Moby Grape'),
(125,'Janis Joplin'),
(126,'The Wailers'),
(127,'The Byrds'),
(128,'Iggy and The Stooges'),
(129,'Talking Heads'),
(130,'Television'),
(131,'Black Sabbath'),
(132,'Various Artists'),
(133,'Bruce Springsteen'),
(134,'The Notorious B.I.G.'),
(135,'Pavement'),
(136,'Elton John'),
(137,'The Replacements'),
(138,'Dr. Dre'),
(139,'The Meters'),
(140,'Blondie'),
(141,'B.B. King'),
(142,'Phil Spector'),
(143,'Dr. John, the Night Tripper'),
(144,'N.W.A'),
(145,'Steely Dan'),
(146,'Jefferson Airplane'),
(147,'Crosby, Stills, Nash & Young'),
(148,'Led Zeppelin'),
(149,'Santana'),
(150,'Bruce Springsteen'),
(151,'Arcade Fire'),
(152,'The B 52`s'),
(153,'A Tribe Called Quest'),
(154,'Howlin` Wolf'),
(155,'Pretenders'),
(156,'Beastie Boys'),
(157,'Joy Division'),
(158,'Elton John'),
(159,'KISS'),
(160,'T. Rex'),
(161,'Otis Redding'),
(162,'Radiohead'),
(163,'Prince'),
(164,'Linda Ronstadt'),
(165,'Marvin Gaye'),
(166,'Elvis Costello & The Attractions'),
(167,'Metallica'),
(168,'Elvis Costello'),
(169,'Bob Marley & The Wailers'),
(170,'The Who'),
(171,'The Byrds'),
(172,'Rod Stewart'),
(173,'Todd Rundgren'),
(174,'Bob Dylan'),
(175,'Carpenters'),
(176,'Aerosmith'),
(177,'Funkadelic'),
(178,'Curtis Mayfield and The Impressions'),
(179,'ABBA'),
(180,'The Rolling Stones'),
(181,'Bob Marley & The Wailers'),
(182,'Fleetwood Mac'),
(183,'Willie Nelson'),
(184,'Madonna'),
(185,'The Stooges'),
(186,'Sly & The Family Stone'),
(187,'Peter Gabriel'),
(188,'Buffalo Springfield'),
(189,'Quicksilver Messenger Service'),
(190,'Elvis Presley'),
(191,'The Stooges'),
(192,'The Flying Burrito Brothers'),
(193,'Green Day'),
(194,'Lou Reed'),
(195,'John Mayall & The Bluesbreakers'),
(196,'Various Artists'),
(197,'R.E.M.'),
(198,'Little Walter'),
(199,'The Strokes'),
(200,'AC/DC'),
(201,'Nine Inch Nails'),
(202,'Simon & Garfunkel'),
(203,'Michael Jackson'),
(204,'Bob Dylan'),
(205,'Cream'),
(206,'Prince'),
(207,'Santana'),
(208,'Cat Stevens'),
(209,'Pearl Jam'),
(210,'Neil Young & Crazy Horse'),
(211,'Pink Floyd'),
(212,'Pavement'),
(213,'The Rolling Stones'),
(214,'Ike & Tina Turner'),
(215,'New York Dolls'),
(216,'Bo Diddley'),
(217,'Bobby `Blue` Bland'),
(218,'The Smiths'),
(219,'Beastie Boys'),
(220,'The Meters'),
(221,'My Bloody Valentine'),
(222,'Professor Longhair'),
(223,'U2'),
(224,'Neil Diamond'),
(225,'Green Day'),
(226,'Bruce Springsteen'),
(227,'Pixies'),
(228,'Eric B. & Rakim'),
(229,'Aerosmith'),
(230,'Bonnie Raitt'),
(231,'Queen'),
(232,'The Kinks'),
(233,'The Byrds'),
(234,'Simon & Garfunkel'),
(235,'Patsy Cline'),
(236,'Jackie Wilson'),
(237,'The Who'),
(238,'Howlin` Wolf'),
(239,'Madonna'),
(240,'Steely Dan'),
(241,'The Replacements'),
(242,'Run D.M.C.'),
(243,'Black Sabbath'),
(244,'Eminem'),
(245,'Jerry Lee Lewis'),
(246,'The Mothers of Invention'),
(247,'The Grateful Dead'),
(248,'Ornette Coleman'),
(249,'R.E.M.'),
(250,'Jay Z'),
(251,'David Bowie'),
(252,'Jay Z'),
(253,'Bruce Springsteen'),
(254,'Otis Redding'),
(255,'Metallica'),
(256,'Kraftwerk'),
(257,'Whitney Houston'),
(258,'The Kinks'),
(259,'Janet'),
(260,'Willie Nelson'),
(261,'Grateful Dead'),
(262,'Crosby, Stills & Nash'),
(263,'Tracy Chapman'),
(264,'Grateful Dead'),
(265,'Ray Charles'),
(266,'Blood, Sweat & Tears'),
(267,'The Who'),
(268,'Paul Simon'),
(269,'The Jesus and Mary Chain'),
(270,'The Rolling Stones'),
(271,'The Beach Boys'),
(272,'Sleater Kinney'),
(273,'Smokey Robinson & The Miracles'),
(274,'LaBelle'),
(275,'Eminem'),
(276,'Parliament'),
(277,'Janet Jackson'),
(278,'Various'),
(279,'David Bowie'),
(280,'U2'),
(281,'Mary J. Blige'),
(282,'Muddy Waters'),
(283,'Barry White'),
(284,'The Cars'),
(285,'Stevie Wonder'),
(286,'Al Green'),
(287,'X'),
(288,'Grateful Dead'),
(289,'The Kinks'),
(290,'Al Green'),
(291,'Talking Heads'),
(292,'Bob Dylan and the Band'),
(293,'The Velvet Underground'),
(294,'MC5'),
(295,'Leonard Cohen'),
(296,'The Smiths'),
(297,'The Mothers of Invention'),
(298,'Kanye West'),
(299,'Weezer'),
(300,'Black Sabbath'),
(301,'Dolly Parton'),
(302,'Public Enemy'),
(303,'Bob Dylan'),
(304,'Jeff Buckley'),
(305,'Lucinda Williams'),
(306,'Beck'),
(307,'The Beatles'),
(308,'Frank Sinatra'),
(309,'Creedence Clearwater Revival'),
(310,'Red Hot Chili Peppers'),
(311,'Various'),
(312,'Jane`s Addiction'),
(313,'Nirvana'),
(314,'Lauryn Hill'),
(315,'Tom Petty and the Heartbreakers'),
(316,'The Velvet Underground'),
(317,'Pixies'),
(318,'The O`Jays'),
(319,'The Wailers'),
(320,'Radiohead'),
(321,'Nick Drake'),
(322,'Randy Newman'),
(323,'The Police'),
(324,'David Bowie'),
(325,'Eric Clapton'),
(326,'The Cure'),
(327,'Liz Phair'),
(328,'Sonic Youth'),
(329,'James Brown'),
(330,'Neil Young'),
(331,'The Beatles'),
(332,'Richard & Linda Thompson'),
(333,'X'),
(334,'Graham Parker & The Rumour'),
(335,'Soundgarden'),
(336,'Radiohead'),
(337,'Jethro Tull'),
(338,'Big Brother & the Holding Company'),
(339,'Tom Waits'),
(340,'Black Flag'),
(341,'Moby'),
(342,'Depeche Mode'),
(343,'Meat Loaf'),
(344,'Lou Reed'),
(345,'Talking Heads'),
(346,'De La Soul'),
(347,'Pink Floyd'),
(348,'Muddy Waters'),
(349,'Jay Z'),
(350,'The Yardbirds'),
(351,'Neil Young & Crazy Horse'),
(352,'Dire Straits'),
(353,'Kanye West'),
(354,'Billy Joel'),
(355,'The Yardbirds'),
(356,'Randy Newman'),
(357,'The Rolling Stones'),
(358,'Miles Davis'),
(359,'Elton John'),
(360,'Buzzcocks'),
(361,'OutKast'),
(362,'The Smashing Pumpkins'),
(363,'New Order'),
(364,'The Doors'),
(365,'Rage Against the Machine'),
(366,'Johnny Cash'),
(367,'Madonna'),
(368,'Eagles'),
(369,'The Smiths'),
(370,'Mott the Hoople'),
(371,'Arctic Monkeys'),
(372,'The Police'),
(373,'Jefferson Airplane'),
(374,'Roxy Music'),
(375,'Jackson Browne'),
(376,'Bjork'),
(377,'John Lee Hooker'),
(378,'Oasis'),
(379,'TLC'),
(380,'Toots & The Maytals'),
(381,'The Beach Boys'),
(382,'The Modern Lovers'),
(383,'Talking Heads'),
(384,'The Who'),
(385,'Bob Dylan'),
(386,'Steely Dan'),
(387,'Wu Tang Clan'),
(388,'Various Artists'),
(389,'Don Henley'),
(390,'The White Stripes'),
(391,'Jackson Browne'),
(392,'The Beatles'),
(393,'M.I.A.'),
(394,'Randy Newman'),
(395,'LCD Soundsystem'),
(396,'Roxy Music'),
(397,'Massive Attack'),
(398,'ZZ Top'),
(399,'Tom Waits'),
(400,'The Temptations'),
(401,'Red Hot Chili Peppers'),
(402,'Nas'),
(403,'Lynyrd Skynyrd'),
(404,'Dr. John'),
(405,'Big Star'),
(406,'PJ Harvey'),
(407,'The Clash'),
(408,'Sinead O`Connor'),
(409,'The Doors'),
(410,'Bob Dylan'),
(411,'Eric Clapton'),
(412,'Wire'),
(413,'Minutemen'),
(414,'The Go Go`s'),
(415,'Van Halen'),
(416,'Tom Waits'),
(417,'U2'),
(418,'Paul McCartney & Wings'),
(419,'Portishead'),
(420,'The Crickets'),
(421,'Various Artists'),
(422,'The Ronettes'),
(423,'Diana Ross & The Supremes'),
(424,'Bruce Springsteen'),
(425,'Gram Parsons'),
(426,'Cheap Trick'),
(427,'Peter Wolf'),
(428,'The Police'),
(429,'Brian Eno'),
(430,'Vampire Weekend'),
(431,'PJ Harvey'),
(432,'Brian Eno'),
(433,'George Harrison'),
(434,'Big Star'),
(435,'Nirvana'),
(436,'Beck'),
(437,'Lil Wayne'),
(438,'The Cure'),
(439,'Sam Cooke'),
(440,'The Pogues'),
(441,'Suicide'),
(442,'DEVO'),
(443,'Cheap Trick'),
(444,'War'),
(445,'Steve Miller Band'),
(446,'MC5'),
(448,'The Police'),
(449,'Big Star'),
(450,'Jackson Browne'),
(451,'Amy Winehouse'),
(452,'John Prine'),
(453,'EPMD'),
(454,'Alice Cooper'),
(455,'Los Lobos'),
(456,'Marvin Gaye'),
(457,'My Morning Jacket'),
(458,'Elton John'),
(459,'The Drifters'),
(460,'Hole'),
(461,'Public Image Ltd.'),
(462,'R.E.M.'),
(463,'Echo and The Bunnymen'),
(464,'Def Leppard'),
(465,'The Magnetic Fields'),
(466,'Coldplay'),
(467,'Bruce Springsteen'),
(468,'The Paul Butterfield Blues Band'),
(469,'Fugees'),
(470,'L.L. Cool J'),
(471,'Richard & Linda Thompson'),
(472,'George Michael'),
(473,'The Smiths'),
(474,'Manu Chao'),
(475,'Elvis Costello & The Attractions'),
(476,'The Notorious B.I.G.'),
(477,'Merle Haggard'),
(478,'Loretta Lynn'),
(479,'Funkadelic'),
(480,'Raekwon'),
(481,'D`Angelo'),
(482,'Steve Earle'),
(483,'Gang of Four'),
(484,'Mott the Hoople'),
(485,'Pearl Jam'),
(486,'Earth, Wind & Fire'),
(487,'Cyndi Lauper'),
(488,'Husker Du'),
(489,'KISS'),
(490,'ZZ Top'),
(491,'Albert King'),
(492,'Eurythmics'),
(493,'Wilco'),
(494,'MGMT'),
(495,'Bonnie Raitt'),
(496,'Boz Scaggs'),
(497,'The White Stripes'),
(498,'The Stone Roses'),
(499,'B.B. King'),
(500,'OutKast');